{"cameraMode":{"drawMode":0,"name":"Shaded","section":"Shading Mode"},"sceneLighting":false,"audioPlay":false,"sceneViewState":{"m_AlwaysRefresh":false,"showFog":true,"showSkybox":false,"showFlares":true,"showImageEffects":true,"showParticleSystems":true,"showVisualEffectGraphs":true,"m_FxEnabled":true},"in2DMode":false,"pivot":{"x":296.91412353515627,"y":261.1772155761719,"z":-21.590652465820314},"rotation":{"x":-0.13632434606552125,"y":-0.029123738408088685,"z":0.004009551368653774,"w":-0.9902284741401672},"size":341.9599304199219,"orthographic":false}