{"cameraMode":{"drawMode":0,"name":"Shaded","section":"Shading Mode"},"sceneLighting":false,"audioPlay":false,"sceneViewState":{"m_AlwaysRefresh":false,"showFog":true,"showSkybox":false,"showFlares":true,"showImageEffects":true,"showParticleSystems":true,"showVisualEffectGraphs":true,"m_FxEnabled":true},"in2DMode":false,"pivot":{"x":256.11309814453127,"y":367.09869384765627,"z":-469.71630859375},"rotation":{"x":-0.1274126172065735,"y":-0.027671778574585916,"z":0.0035561800468713047,"w":-0.9914588332176209},"size":23.938749313354493,"orthographic":false}